Season,Name,Tm,PA,BB%,K%,BB/K,AVG,OBP,SLG,OPS,ISO,BABIP,wRC,wRAA,wOBA,wRC+,playerId
2021,"Albert Pujols","2 Tms",146,0.05479452,0.14383562,0.38095238,0.29411765,0.33561644,0.60294118,0.93855762,0.30882353,0.26213592,26.498133551829966,8.818057712668095,0.38735583962665665,145.8136498521868,1177
2021,"Miguel Cabrera","DET",150,0.1,0.22,0.45454545,0.26865672,0.34,0.35820896,0.69820896,0.08955224,0.33333333,17.608410032973822,-0.5560514456171445,0.3099460220336914,95.42496507105844,1744
2021,"David Peralta","ARI",92,0.05434783,0.17391304,0.3125,0.26744186,0.31521739,0.41860465,0.73382204,0.15116279,0.31884058,11.29697126697732,0.15610156010819334,0.3164772145126177,94.79208094915911,2136
2021,"Carlos Santana","KCR",190,0.07894737,0.11052632,0.71428571,0.28323699,0.34210526,0.37572254,0.7178278,0.09248555,0.30201342,23.019374797444176,0.011056924562285828,0.3144967877675617,96.75923672284301,2396
2021,"Nelson Cruz","2 Tms",194,0.07731959,0.20103093,0.38461538,0.31578947,0.375,0.5380117,0.9130117,0.22222223,0.352,33.37273967554501,9.880036163234033,0.3765354633972209,142.250771511916,2434
2021,"Manny Pina","MIL",92,0.13043478,0.13043478,1,0.22077922,0.34782609,0.50649351,0.8543196,0.28571429,0.18644068,15.02809681418298,3.8872271073138553,0.36549435879873193,127.31828505792375,2829
2021,"Roberto Perez","CLE",61,0.13114754,0.29508197,0.44444444,0.17307692,0.29508197,0.40384615,0.69892812,0.23076923,0.16666667,6.97071173977275,-0.4161692615209086,0.30618058853462093,92.91254123953937,2900
2021,"Tommy Pham","SDP",154,0.18181818,0.23376623,0.77777778,0.2016129,0.35064935,0.33870968,0.68935903,0.13709678,0.24705882,17.66634497085242,-0.9825021471676358,0.30671548646017416,94.02834088291829,2967
2021,"Charlie Culberson","TEX",144,0.04166667,0.16666667,0.25,0.34586466,0.37588652,0.55639098,0.9322775,0.21052632,0.39622642,26.659636797527895,9.221753778080572,0.3918275283915656,151.9394594409822,3298
2021,"Anthony Rizzo","2 Tms",171,0.06432749,0.0994152,0.64705882,0.32450331,0.39766082,0.50331126,0.90097208,0.17880795,0.328125,31.263936864109148,10.556450778515451,0.3890400162914343,145.26985952268004,3473
2021,"Eric Hosmer","SDP",158,0.03164557,0.17088608,0.18518519,0.26174497,0.29299363,0.38255034,0.67554397,0.12080537,0.3,16.190956821643766,-2.9422759358053834,0.29191920977489205,84.4150811322651,3516
2021,"Michael Brantley","HOU",180,0.04444444,0.13333333,0.33333333,0.21893491,0.26111111,0.31360947,0.57472058,0.09467456,0.24305556,12.489732465876118,-9.30762130843304,0.251929020219379,58.904001962309245,4106
2021,"Ryan Zimmerman","WSN",116,0.04310345,0.30172414,0.14285714,0.29090909,0.31896552,0.58181818,0.9007837,0.29090909,0.36231884,19.83521542182278,5.788031878379103,0.3747336145105033,132.95208544940928,4220
2021,"Joey Votto","CIN",166,0.11445783,0.28313253,0.40425532,0.21527778,0.31325301,0.38888889,0.7021419,0.17361111,0.27956989,19.166547673887543,-0.9354563624197904,0.30761544352554415,85.98643243475804,4314
2021,"Jed Lowrie","OAK",180,0.08888889,0.21111111,0.42105263,0.25925926,0.32222222,0.36419753,0.68641975,0.10493827,0.31707317,19.872993466406356,-1.9243603079028042,0.3015050434403949,93.78902831627082,4418
2021,"Starlin Castro","WSN",89,0.05617978,0.2247191,0.25,0.34939759,0.38202247,0.42168675,0.80370922,0.07228916,0.453125,13.377847950201357,2.6002674729040494,0.3497385878241464,116.71261594493133,4579
2021,"Jason Heyward","CHC",74,0.06756757,0.2027027,0.33333333,0.23529412,0.2972973,0.32352941,0.62082671,0.08823529,0.28846154,6.63875000800479,-2.3223843214334194,0.2764950982622198,69.63228227261432,4940
2021,"Giancarlo Stanton","NYY",171,0.14035088,0.24561404,0.57142857,0.27083333,0.38596491,0.5,0.88596491,0.22916667,0.31521739,30.34282990493141,9.635343819337708,0.38252958254507413,145.38849579455223,4949
2021,"Asdrubal Cabrera","2 Tms",123,0.09756098,0.20325203,0.48,0.25688073,0.33333333,0.39449541,0.72782874,0.13761468,0.31325301,15.004573566648489,0.10971515420389677,0.3152673029508747,93.68928936294857,4962
2021,"Josh Donaldson","MIN",167,0.1497006,0.24550898,0.6097561,0.25714286,0.37125749,0.57142857,0.94268606,0.31428571,0.26436782,31.24716418360537,11.02406373744076,0.39421144558722715,152.48186561560456,5038
2021,"Justin Upton","LAA",107,0.1588785,0.28971963,0.5483871,0.2247191,0.35514019,0.48314607,0.83828626,0.25842697,0.25490196,17.124004705186028,4.166688850457804,0.3614920154910221,130.002415505438,5222
2021,"Justin Turner","LAD",177,0.08474576,0.15254237,0.55555556,0.25786164,0.32768362,0.49056604,0.81824966,0.2327044,0.25203252,26.415021999793094,4.980957455055756,0.34843871553065414,120.20771238140435,5235
2021,"Robbie Grossman","DET",206,0.13106796,0.2038835,0.64285714,0.27906977,0.3804878,0.47674419,0.85723199,0.19767442,0.32,34.218187076620445,9.272326646022188,0.36882877844135936,135.20324873962352,5254
2021,"Sandy Leon","MIA",65,0.09230769,0.18461538,0.5,0.22807018,0.3125,0.26315789,0.57565789,0.03508771,0.28888889,5.267864894640579,-2.6034017460821732,0.26601770892739296,68.06114432283198,5273
2021,"Brandon Crawford","SFG",150,0.08,0.25333333,0.31578947,0.24444444,0.3,0.42222222,0.72222222,0.17777778,0.28723404,17.408058639749537,-0.756402838841426,0.30833167433738706,94.55254615601207,5343
2021,"Freddie Freeman","ATL",192,0.08333333,0.16145833,0.51612903,0.25730994,0.33333333,0.42690058,0.76023391,0.16959064,0.2761194,25.74957606374943,2.4990653711529904,0.330158032476902,103.34515933812783,5361
2021,"Juan Lagares","LAA",119,0.04201681,0.20168067,0.20833333,0.25225225,0.28813559,0.45045045,0.73858604,0.1981982,0.29411765,14.203176303206504,-0.20729646980899347,0.31232102139521456,96.78491906443134,5384
2021,"Jose Altuve","HOU",207,0.07729469,0.13043478,0.59259259,0.27807487,0.33495146,0.45454545,0.78949691,0.17647058,0.29032258,28.905409135947057,3.8384522954915234,0.33683851172284385,116.26466313439056,5417
2021,"Ji-Man Choi","TBR",78,0.08974359,0.38461538,0.23333333,0.18571429,0.26923077,0.25714286,0.52637363,0.07142857,0.325,4.712387869396597,-4.733132099470705,0.24108491723354047,54.430861416327794,5452
2021,"Marwin Gonzalez","2 Tms",88,0.04545455,0.15909091,0.28571429,0.25,0.28409091,0.42857143,0.71266234,0.17857143,0.27941176,9.891777865986286,-0.7647062014537449,0.3039235838434913,88.2029759551563,5497
2021,"Kyle Higashioka","NYY",69,0.05797101,0.23188406,0.25,0.234375,0.27536232,0.515625,0.79098732,0.28125,0.22727273,9.168436165280474,0.8127838851286301,0.32866356597430463,108.99927392435005,5517
2021,"Avisail Garcia","MIL",128,0.15625,0.1875,0.83333333,0.27884615,0.40625,0.52884615,0.93509615,0.25,0.30666667,23.53070877872554,8.030368316994585,0.39025303144608775,143.4041934457531,5760
2021,"Wilmer Flores","SFG",149,0.06711409,0.16107383,0.41666667,0.28776978,0.33557047,0.4676259,0.80319637,0.17985612,0.31192661,21.7936674965199,3.7503024277862096,0.34484762753416226,118.27725410720038,5827
2021,"Leury Garcia","CHW",139,0.05035971,0.23741007,0.21212121,0.28225806,0.31851852,0.37903226,0.69755078,0.0967742,0.3655914,15.33122786377836,-1.5011731063826026,0.30137340360217624,90.6452451003466,5913
2021,"Jean Segura","PHI",183,0.09836066,0.12021858,0.81818182,0.31288344,0.38251366,0.50306748,0.88558114,0.19018404,0.33088235,31.22418087653579,9.063537872654814,0.37428726818826463,133.00943806228332,5933
2021,"Didi Gregorius","PHI",106,0.06603774,0.17924528,0.36842105,0.15730337,0.26415094,0.29213483,0.55628577,0.13483146,0.15714286,7.32859269199802,-5.507626752872929,0.2516271803738936,53.316194263294705,6012
2021,"Eduardo Escobar","2 Tms",159,0.05660377,0.12578616,0.45,0.29530201,0.33962264,0.53691275,0.87653539,0.24161074,0.29166667,26.463033332014568,7.208704164708145,0.36926955324185046,129.3223142879929,6153
2021,"J.D. Martinez","BOS",226,0.08849558,0.19911504,0.44444444,0.27941176,0.34070796,0.48529412,0.82600208,0.20588236,0.31578947,32.57784112292191,5.21005249517819,0.34228956455534154,113.01892501958505,6184
2021,"Alcides Escobar","WSN",104,0.04807692,0.18269231,0.26315789,0.27956989,0.35576923,0.38709677,0.742866,0.10752688,0.35135135,13.893984095401358,1.299957470244954,0.329533923130769,103.58548308552136,6310
2021,"Freddy Galvis","2 Tms",118,0.04237288,0.16949153,0.25,0.26785714,0.29661017,0.46428571,0.76089588,0.19642857,0.28409091,15.036809832497347,0.7474334693391231,0.3220821800878492,101.79584371574663,6609
2021,"Martin Maldonado","HOU",126,0.08730159,0.29365079,0.2972973,0.21238938,0.29365079,0.37168142,0.66533221,0.15929204,0.26760563,12.959006640491967,-2.2991410015244442,0.292372265978465,86.22546244463331,6887
2021,"Yadier Molina","STL",80,0.0875,0.1375,0.63636364,0.27777778,0.3375,0.51388889,0.85138889,0.23611111,0.28813559,12.62666380085314,2.938951012271293,0.35882802233099936,128.22872421619925,7007
2021,"Salvador Perez","KCR",184,0.04347826,0.2173913,0.2,0.30232558,0.3423913,0.63953488,0.98192618,0.3372093,0.29565217,36.360265191744695,14.078525778006448,0.40690379162303736,159.1848471490326,7304
2021,"Miguel Rojas","MIA",163,0.10429448,0.11042945,0.94444444,0.31690141,0.39877301,0.48591549,0.8846885,0.16901408,0.33884298,28.915913596057784,9.177198789322272,0.3824749439040576,143.7243448351023,7802
2021,"Charlie Blackmon","COL",158,0.12025316,0.15822785,0.76,0.28676471,0.38607595,0.38235294,0.76842889,0.09558823,0.33333333,23.05909615487433,3.925863397425177,0.34445774743828594,101.88678668668896,7859
2021,"Josh Harrison","2 Tms",162,0.03703704,0.11728395,0.31578947,0.29452055,0.36024845,0.4109589,0.77120735,0.11643835,0.32258065,23.075390034802645,3.4577716379244046,0.33993906745259067,113.92587283013431,8202
2021,"Kurt Suzuki","LAA",110,0.03636364,0.15454545,0.23529412,0.24242424,0.31192661,0.42424242,0.73616903,0.18181818,0.24675325,13.861995065384718,0.5413899810846786,0.32037503456850663,102.22581280349976,8259
2021,"Donovan Solano","SFG",123,0.05691057,0.13821138,0.41176471,0.30088496,0.3442623,0.47787611,0.82213841,0.17699115,0.31521739,18.39766615517858,3.5028077427339865,0.3488461582128667,120.87513159036321,8623
2021,"Elvis Andrus","OAK",181,0.06629834,0.17679558,0.375,0.19018405,0.25139665,0.22699387,0.47839052,0.03680982,0.23308271,6.802297500537015,-15.116152683629416,0.21348752914848973,34.32874036600346,8709
2021,"Lorenzo Cain","MIL",78,0.12820513,0.14102564,0.90909091,0.20588235,0.30769231,0.30882353,0.61651584,0.10294118,0.23214286,7.192159703967686,-2.2533602648996163,0.2795098477449173,71.45345792101011,9077
2021,"Buster Posey","SFG",119,0.10084034,0.18487395,0.54545455,0.36792453,0.42857143,0.62264151,1.05121294,0.25471698,0.41772152,25.90471693336922,11.494244160353718,0.4311690696498804,174.3609880599999,9166
2021,"Paul Goldschmidt","STL",138,0.0942029,0.20289855,0.46428571,0.3495935,0.41304348,0.6504065,1.06344998,0.300813,0.39772727,31.455107120847437,14.74380256054375,0.4435562258181365,183.2773182410898,9218
2021,"Starling Marte","2 Tms",164,0.06707317,0.22560976,0.2972973,0.27333333,0.33536585,0.42666667,0.76203252,0.15333334,0.33333333,22.166587403954118,2.3067761873613266,0.33142679093814476,112.4150410244434,9241
2021,"AJ Pollock","LAD",139,0.08633094,0.18705036,0.46153846,0.288,0.35971223,0.512,0.87171223,0.224,0.31521739,22.73801199908653,5.9056110289255725,0.3657771094756968,131.4726061244798,9256
2021,"Evan Longoria","SFG",82,0.18292683,0.13414634,1.36363636,0.31818182,0.45121951,0.63636364,1.08758315,0.31818182,0.30612245,18.943463638829247,9.01355803053285,0.4472815967813323,184.82942629271878,9368
2021,"Yan Gomes","2 Tms",125,0.016,0.2,0.08,0.31404959,0.328,0.56198347,0.88998347,0.24793388,0.34444444,21.227981490659566,6.0909302585004275,0.3733202528953552,136.3530696000382,9627
2021,"Christian Vazquez","BOS",160,0.04375,0.18125,0.24137931,0.21854305,0.25,0.30463576,0.55463576,0.08609271,0.25409836,9.724617649901413,-9.650807927262283,0.24152441546320916,44.946964244832266,9774
2021,"Nolan Arenado","STL",123,0.07317073,0.15447154,0.47368421,0.29464286,0.34146341,0.58928571,0.93074912,0.29464285,0.27906977,22.24407575941638,7.349217346971786,0.3866422060059338,146.29982264905638,9777
2021,"Kyle Seager","SEA",234,0.05555556,0.27350427,0.203125,0.21917808,0.26068376,0.43835616,0.69903992,0.21917808,0.24305556,24.63944095229733,-3.6971189543045764,0.2953304021786421,90.35797561490214,9785
2021,"Andrew McCutchen","PHI",195,0.14358974,0.18461538,0.77777778,0.29268293,0.40512821,0.62195122,1.02707943,0.32926829,0.2920354,42.05721127000504,18.443411347836783,0.42874129162621255,168.3886542604947,9847
2021,"DJ LeMahieu","NYY",213,0.10798122,0.10328638,1.04545455,0.26595745,0.342723,0.33510638,0.67782938,0.06914893,0.28915663,23.553389214489027,-2.2401460851101445,0.30171507175238627,90.79420145494097,9874
2021,"Brett Gardner","NYY",115,0.10434783,0.26086957,0.4,0.25263158,0.34545455,0.30526316,0.65071771,0.05263158,0.35384615,12.289124303975427,-1.6369628296109793,0.2972221542488445,87.75900816816628,9927
2021,"Darin Ruf","SFG",140,0.17142857,0.2,0.85714286,0.28318584,0.41428571,0.59292035,1.00720606,0.30973451,0.2987013,29.050643485193326,12.097146105175094,0.41886260371277295,166.36537834126182,9929
2021,"Wil Myers","SDP",140,0.15,0.22857143,0.65625,0.27118644,0.37857143,0.44915254,0.82772397,0.1779661,0.3373494,21.699884883801666,4.746387503783432,0.3554025996422422,125.66074918968059,10047
2021,"Max Stassi","LAA",77,0.12987013,0.32467532,0.4,0.19402985,0.2987013,0.34328358,0.64198488,0.14925373,0.275,7.536740169167619,-1.787683389842411,0.2863659231693714,79.25093589412903,10059
2021,"Jonathan Villar","NYM",157,0.07006369,0.27388535,0.25581395,0.28082192,0.33121019,0.39041096,0.72162115,0.10958904,0.38,19.182349190670497,0.17021284307862117,0.3157368059370928,102.4229264570095,10071
2021,"Jose Iglesias","2 Tms",157,0.05732484,0.14012739,0.40909091,0.2972973,0.33757962,0.44594595,0.78352557,0.14864865,0.32786885,22.022498758902742,3.010362411310865,0.3376012042069891,113.27532551425836,10231
2021,"Randal Grichuk","TOR",148,0.05405405,0.16891892,0.32,0.24637681,0.29054054,0.44202899,0.73256953,0.19565218,0.25925926,17.62154275328459,-0.300725905591831,0.3119705834904233,93.34256259806212,10243
2021,"Brandon Belt","SFG",75,0.14666667,0.2,0.73333333,0.24590164,0.37333333,0.45901639,0.83234972,0.21311475,0.25581395,12.002078942985394,2.9198482036899103,0.36148028214772543,129.08362334076102,10264
2021,"Enrique Hernandez","BOS",233,0.13304721,0.17596567,0.75609756,0.26020408,0.36051502,0.48979592,0.85031094,0.22959184,0.27516779,37.42813498180635,9.212671485061717,0.3622151979049388,126.47969934489984,10472
2021,"Cesar Hernandez","2 Tms",202,0.0990099,0.19306931,0.51282051,0.21546961,0.2970297,0.46961326,0.76664296,0.25414365,0.20155039,26.546830737207664,2.085355946038499,0.3269038719706016,107.18390740036833,10556
2021,"Gio Urshela","NYY",139,0.02877698,0.26618705,0.10810811,0.29323308,0.31654676,0.46616541,0.78271217,0.17293233,0.37634409,18.924655351948758,2.0922543817877988,0.3326190890168115,111.67143004002217,10681
2021,"Jurickson Profar","SDP",90,0.11111111,0.16666667,0.66666667,0.15384615,0.24719101,0.23076923,0.47796024,0.07692308,0.17460317,3.9518622753551123,-6.946814611799467,0.22113557611958365,38.42638607762253,10815
2021,"Andrelton Simmons","MIN",162,0.08641975,0.14197531,0.60869565,0.24489796,0.31481481,0.31972789,0.6345427,0.07482993,0.27868852,15.631933772371006,-3.985684624507236,0.28469036022822064,78.49482650796584,10847
2021,"Adam Duvall","2 Tms",142,0.0915493,0.33802817,0.27083333,0.17829457,0.25352113,0.35658915,0.61011028,0.17829458,0.22666667,11.163076390226632,-6.03261380950615,0.26309650164123966,63.85783316769228,10950
2021,"Phil Gosselin","LAA",157,0.08280255,0.14649682,0.56521739,0.27464789,0.34394904,0.35211268,0.69606172,0.07746479,0.31623932,18.534132945014214,-0.4780034025776648,0.3107466257301865,95.7213350681854,10953
2021,"Kevin Kiermaier","TBR",122,0.05737705,0.29508197,0.19444444,0.26785714,0.32786885,0.34821429,0.67608314,0.08035715,0.39473684,13.292960508049118,-1.4808014945382002,0.29975635497296443,94.06638862370289,11038
2021,"Jonathan Schoop","DET",196,0.07653061,0.20408163,0.375,0.33333333,0.38265306,0.54237288,0.92502594,0.20903955,0.38167939,36.23446299603573,12.499566664010203,0.3915052362242524,150.52234426635218,11265
2021,"Whit Merrifield","KCR",196,0.05612245,0.12244898,0.45833333,0.27624309,0.31632653,0.40331492,0.71964145,0.12707183,0.29936306,22.68486882506025,-1.0500275069652802,0.30795143995529567,92.33752283120474,11281
2021,"Jake Marisnick","2 Tms",90,0.05555556,0.31111111,0.17857143,0.25925926,0.31111111,0.43209877,0.74320988,0.17283951,0.35849057,11.020604723865572,0.1219278367109915,0.31606385774082607,96.45146992275673,11339
2021,"Jesus Aguilar","MIA",134,0.12686567,0.20895522,0.60714286,0.25892857,0.35820896,0.44642857,0.80463753,0.1875,0.29268293,18.971975864195468,2.74505694332087,0.33918598954004187,115.59916365020338,11342
2021,"Yasmani Grandal","CHW",96,0.30208333,0.21875,1.38095238,0.265625,0.48421053,0.546875,1.03108553,0.28125,0.28205128,21.5730120543382,9.947756708039982,0.43966842262368455,184.07053345642603,11368
2021,"Ronald Torreyes","PHI",126,0.07142857,0.12698413,0.5625,0.28448276,0.34126984,0.4137931,0.75506294,0.12931034,0.30927835,16.525090279318874,1.2669426373024644,0.32657942056655886,102.0132664518783,11400
2021,"Gary Sanchez","NYY",130,0.12307692,0.23076923,0.53333333,0.2300885,0.33076923,0.50442478,0.83519401,0.27433628,0.24,19.869762744331354,4.127229462885849,0.3527981689734052,125.30342038243614,11442
2021,"Mark Canha","OAK",210,0.10952381,0.1952381,0.56097561,0.22099448,0.32857143,0.39779006,0.72636149,0.17679558,0.2481203,26.43817502876639,1.0079289587390374,0.3202275017897288,106.43699700232429,11445
2021,"Odubel Herrera","PHI",153,0.03921569,0.16993464,0.23076923,0.25179856,0.30463576,0.38129496,0.68593072,0.1294964,0.28828829,16.594725843001115,-1.933024865161669,0.2991563484368735,84.19627632991119,11476
2021,"Christian Yelich","MIL",126,0.13492063,0.3015873,0.44736842,0.18691589,0.29365079,0.31775701,0.6114078,0.13084112,0.26086957,10.96049138461907,-4.297656257397339,0.27320179012086654,67.35506223999343,11477
2021,"Michael A. Taylor","KCR",152,0.07236842,0.28947368,0.25,0.29496403,0.34437086,0.42446043,0.76883129,0.1294964,0.40217391,20.7862582374338,2.37960393912829,0.33334801725993884,109.49419683675758,11489
2021,"Manny Machado","SDP",163,0.16564417,0.12269939,1.35,0.24626866,0.37423313,0.42537313,0.79960626,0.17910447,0.25454545,23.595506351061086,3.856791544325573,0.34302437755296816,117.61851892280343,11493
2021,"Bryce Harper","PHI",190,0.17894737,0.28421053,0.62962963,0.25657895,0.3968254,0.40131579,0.79814119,0.14473684,0.36842105,29.594402807022906,6.586084934141018,0.35632217561126384,121.33737318673066,11579
2021,"Willson Contreras","CHC",132,0.10606061,0.25,0.42424242,0.28448276,0.35606061,0.53448276,0.89054337,0.25,0.32467532,22.35743106781796,6.372704966657911,0.3727771225776381,132.1874864466146,11609
2021,"Elias Diaz","COL",135,0.11111111,0.2,0.55555556,0.24166667,0.32592593,0.44166667,0.7675926,0.2,0.26436782,18.001632284396166,1.653616953664298,0.329231066935098,91.99389012015239,11680
2021,"Nick Castellanos","CIN",155,0.06451613,0.20645161,0.3125,0.30555556,0.35483871,0.59027778,0.94511649,0.28472222,0.33333333,28.903693044500855,10.133749516623523,0.3934459810942606,141.75122176226557,11737
2021,"J.T. Realmuto","PHI",156,0.10897436,0.25,0.43589744,0.24087591,0.33333333,0.39416058,0.72749391,0.15328467,0.31578947,19.008586351712722,0.11754641397811838,0.3153371632873238,94.70908164189427,11739
2021,"Joc Pederson","2 Tms",112,0.08928571,0.22321429,0.4,0.26530612,0.34821429,0.37755102,0.72576531,0.1122449,0.33333333,14.21685789779688,0.6540599937822925,0.32148467749357224,98.3890815046258,11899
2021,"Hanser Alberto","KCR",127,0.03149606,0.09448819,0.33333333,0.28571429,0.31746032,0.45378151,0.77124183,0.16806722,0.30188679,16.829944171601888,1.4507001197282063,0.3282325163720146,106.03841694734759,11902
2021,"Jon Berti","MIA",104,0.15384615,0.23076923,0.66666667,0.16091954,0.28846154,0.26436782,0.55282936,0.10344828,0.19354839,7.6434829011753,-4.950543723981102,0.25689364912418217,62.13316941844227,12037
2021,"Niko Goodrum","DET",108,0.10185185,0.30555556,0.33333333,0.27368421,0.35185185,0.38947368,0.74132553,0.11578947,0.39344262,14.12075930541406,1.0423470408285653,0.3260914468102985,106.33201708246396,12092
2021,"Max Kepler","MIN",129,0.08527132,0.20155039,0.42307692,0.15652174,0.24806202,0.26086957,0.50893159,0.10434783,0.18390805,6.876776244633361,-8.74466062695487,0.23249527003413947,43.234400017875004,12144
2021,"Nick Ahmed","ARI",158,0.08227848,0.1835443,0.44827586,0.25174825,0.3164557,0.46153846,0.77799416,0.20979021,0.29464286,20.958061864771185,1.8248291073220375,0.3283856697143263,102.52909989777844,12147
2021,"Eddie Rosario","2 Tms",120,0.03333333,0.16666667,0.2,0.26548673,0.28813559,0.36283186,0.65096745,0.09734513,0.30434783,11.228206840143441,-3.3033623427293315,0.281102959382332,75.58997604708708,12155
2021,"Austin Barnes","LAD",73,0.05479452,0.26027397,0.21052632,0.21212121,0.27777778,0.36363636,0.64141414,0.15151515,0.25,6.846701298103998,-1.9933366214769392,0.2814234263367123,76.66734097652743,12158
2021,"Ben Gamel","2 Tms",108,0.0462963,0.25925926,0.17857143,0.2371134,0.28301887,0.34020619,0.62322506,0.10309279,0.31428571,9.220205827864842,-3.8582064367206548,0.2712270055177077,68.20874711994531,12160
2021,"Xander Bogaerts","BOS",213,0.1314554,0.21126761,0.62222222,0.28415301,0.37558685,0.44262295,0.8182098,0.15846994,0.33834586,32.8775347557451,7.0839994561459365,0.35462356710209036,121.35116831126437,12161
2021,"Miguel Sano","MIN",174,0.13218391,0.28735632,0.46,0.2384106,0.33908046,0.36423841,0.70331887,0.12582781,0.32291667,21.015300319347478,-0.055474995818041134,0.31404111200365525,98.3227456007079,12164
2021,"Maikel Franco","BAL",131,0.05343511,0.19083969,0.28,0.19834711,0.24427481,0.32231405,0.56658886,0.12396694,0.22916667,8.408670127118354,-7.454959564184423,0.24564521731311129,50.4330668863901,12179
2021,"Jorge Alfaro","MIA",87,0.02298851,0.33333333,0.06896552,0.25882353,0.27586207,0.45882353,0.7346856,0.2,0.35849057,10.246358297651627,-0.2890293599311332,0.3104111456322944,96.90391655166599,12180
2021,"Rougned Odor","NYY",111,0.09009009,0.23423423,0.38461538,0.22680412,0.32432432,0.43298969,0.75731401,0.20618557,0.24615385,14.875331330832006,1.4336298366746913,0.3300367078265628,109.92690077894464,12282
2021,"Kevin Pillar","NYM",125,0.016,0.208,0.07692308,0.23966942,0.256,0.4214876,0.6774876,0.18181818,0.25555556,12.24934268150849,-2.8877085506506486,0.28650491523742677,83.43073238847619,12434
2021,"Kolten Wong","MIL",147,0.04761905,0.14965986,0.31818182,0.29710145,0.33333333,0.45652174,0.78985507,0.15942029,0.32743363,20.65378566400067,2.8526134149815237,0.33788070224580313,109.37747070611576,12532
2021,"Marcus Semien","TOR",195,0.08717949,0.22051282,0.39534884,0.24293785,0.31282051,0.46892655,0.78174706,0.2259887,0.26612903,26.783998611675795,3.1701986895075382,0.33407578621155176,108.27574640325636,12533
2021,"C.J. Cron","COL",150,0.1,0.22666667,0.44117647,0.31060606,0.39333333,0.58333333,0.97666666,0.27272727,0.36666667,29.933691504704658,11.769230026113693,0.4092579830337215,143.98801998560978,12546
2021,"Eugenio Suarez","CIN",153,0.10457516,0.34640523,0.30188679,0.17164179,0.26797386,0.35074627,0.61872013,0.17910448,0.22368421,13.201654625042755,-5.326096083120028,0.2723524776938694,63.07580043397276,12552
2021,"Trevor Story","COL",161,0.08074534,0.1863354,0.43333333,0.29655172,0.36024845,0.6137931,0.97404155,0.31724138,0.31775701,31.527034102675074,12.030512115654107,0.40474027136097784,141.05282644250423,12564
2021,"Brad Miller","PHI",80,0.0375,0.4,0.09375,0.16883117,0.2,0.33766234,0.53766234,0.16883117,0.2195122,4.079079544200668,-5.60863324438118,0.22969141453504563,39.064351091957725,12775
2021,"George Springer","TOR",93,0.12903226,0.27956989,0.46153846,0.28205128,0.39130435,0.55128205,0.9425864,0.26923077,0.36170213,17.896943128934087,6.634977012207689,0.400655272214309,153.2535606616264,12856
2021,"Brian Goodwin","CHW",66,0.07575758,0.27272727,0.27777778,0.13559322,0.2,0.13559322,0.33559322,0,0.19047619,-0.36392434049172456,-8.35628739107175,0.1614003896713257,-3.9136137875894663,12858
2021,"James McCann","NYM",128,0.1015625,0.265625,0.38235294,0.25663717,0.3359375,0.40707965,0.74301715,0.15044248,0.32894737,16.561928863259187,1.0615884015282306,0.32445047749206424,108.08426882181817,12859
2021,"Anthony Rendon","LAA",80,0.15,0.1125,1.33333333,0.19402985,0.3125,0.32835821,0.64085821,0.13432836,0.19298246,7.62627338315024,-2.061439405431609,0.28328229656702353,77.16778997502675,12861
2021,"Gregory Polanco","PIT",106,0.0754717,0.33962264,0.22222222,0.17204301,0.23584906,0.20430108,0.44015014,0.03225807,0.26229508,2.9731440011096453,-9.863075443761304,0.2019653174112428,23.193068286057027,12907
2021,"Francisco Lindor","NYM",164,0.09146341,0.13414634,0.68181818,0.23972603,0.31055901,0.40410959,0.7146686,0.16438356,0.25210084,18.98703140764331,-0.8727798089494772,0.3079942923039198,97.39255319069296,12916
2021,"Brandon Nimmo","NYM",120,0.15833333,0.225,0.7037037,0.30612245,0.42857143,0.39795918,0.82653061,0.09183673,0.41428571,20.21181271788718,5.6802435350144105,0.37163773404449973,138.74220823508247,12927
2021,"Phillip Evans","PIT",74,0.13513514,0.2027027,0.66666667,0.24193548,0.36486486,0.30645161,0.67131647,0.06451613,0.30434783,8.451253776931,-0.5098805525072087,0.30609860567197406,90.84930167724596,12950
2021,"Austin Hedges","CLE",92,0.05434783,0.2826087,0.19230769,0.17857143,0.22222222,0.3452381,0.56746032,0.16666667,0.2,5.71196573223513,-5.428903974633996,0.24310497906472947,50.301773009025,12976
2021,"Javier Baez","2 Tms",144,0.09027778,0.29861111,0.30232558,0.29133858,0.375,0.5511811,0.9261811,0.25984252,0.37333333,26.648923929127683,9.211040909680358,0.39186078435057525,147.7484871110913,12979
2021,"Jackie Bradley Jr.","MIL",78,0.12820513,0.30769231,0.41666667,0.16923077,0.28205128,0.24615385,0.52820513,0.07692308,0.23809524,4.9775372699558735,-4.467982698911428,0.2451934997852032,49.1578511513237,12984
2021,"Teoscar Hernandez","TOR",140,0.05714286,0.2,0.28571429,0.37209302,0.40714286,0.74418605,1.15132891,0.37209303,0.3956044,35.41335464692519,18.459857266906955,0.47379267258303503,202.6615781550083,13066
2021,"Josh Bell","WSN",182,0.16483516,0.13736264,1.2,0.24503311,0.36813187,0.47019868,0.83833055,0.22516557,0.23728814,29.267718039435703,7.228171445411997,0.36242775504405683,124.95686975952852,13145
2021,"Jorge Polanco","MIN",211,0.03791469,0.16113744,0.23529412,0.27272727,0.30805687,0.49494949,0.80300636,0.22222222,0.2866242,29.77055439425226,4.21921191436764,0.3385946824087351,114.90992575727678,13152
2021,"Mike Zunino","TBR",129,0.10852713,0.27906977,0.38888889,0.34210526,0.41860465,0.86842105,1.2870257,0.52631579,0.37096774,37.50235954929791,21.88092267770967,0.5194349630858547,242.4704125272466,13265
2021,"Max Muncy","LAD",160,0.125,0.1625,0.76923077,0.2761194,0.39375,0.56716418,0.96091418,0.29104478,0.26804124,31.486854473314754,12.111428896151056,0.40591597669529467,157.5511504019597,13301
2021,"Omar Narvaez","MIL",72,0.05555556,0.22222222,0.25,0.15151515,0.22222222,0.21212121,0.43434343,0.06060606,0.18367347,1.9779894389427888,-6.7409520707808745,0.20126859512594011,20.61948795403388,13338
2021,"Tyler Naquin","CIN",70,0.11428571,0.25714286,0.44444444,0.19672131,0.3,0.26229508,0.56229508,0.06557377,0.26190476,5.402651441266075,-3.0740972487430427,0.2613483318260738,55.9263185196192,13359
2021,"Stephen Piscotty","OAK",99,0.08080808,0.17171717,0.47058824,0.25555556,0.32323232,0.38888889,0.71212121,0.13333333,0.29577465,11.803371013636145,-0.18517356223389098,0.3121657684595898,100.99088790637111,13367
2021,"Erik Gonzalez","PIT",73,0.06849315,0.15068493,0.45454545,0.29411765,0.34246575,0.41176471,0.75423046,0.11764706,0.32727273,9.722574992074048,0.8825370724931109,0.3290383309534151,105.75342535847425,13369
2021,"Christian Walker","ARI",142,0.12676056,0.19014085,0.66666667,0.23966942,0.34507042,0.31404959,0.65912001,0.07438017,0.30526316,15.21659900513806,-1.9790911945947212,0.29758135815884207,82.51529137543048,13419
2021,"Tom Murphy","SEA",173,0.15028902,0.28901734,0.52,0.23239437,0.35672515,0.43661972,0.79334487,0.20422535,0.29411765,25.556042994130916,4.606364088822668,0.346608088727583,124.99864948705657,13499
2021,"Jose Ramirez","CLE",211,0.09004739,0.13270142,0.67857143,0.28947368,0.35545024,0.52631579,0.88176603,0.23684211,0.28947368,34.923365007867055,9.37202252798243,0.36811069561087567,134.74946459700413,13510
2021,"Jesse Winker","CIN",118,0.12711864,0.23728814,0.53571429,0.17647059,0.28813559,0.28431373,0.57244932,0.10784314,0.21126761,9.26382167139243,-5.025554691765796,0.26295126090615484,56.967754411665084,13590
2021,"Jose Peraza","NYM",67,0.04477612,0.1641791,0.27272727,0.17460317,0.2238806,0.38095238,0.60483298,0.20634921,0.16326531,4.996621065418724,-3.1168383950185743,0.2582006765835321,65.04124130150412,13593
2021,"Patrick Wisdom","CHC",118,0.12711864,0.44067797,0.28846154,0.22330097,0.3220339,0.50485437,0.82688827,0.2815534,0.34883721,17.58300910327286,3.2936327401146377,0.3481621059597048,116.1949125344077,13602
2021,"Mookie Betts","LAD",147,0.14285714,0.19727891,0.72413793,0.26612903,0.37414966,0.48387097,0.85802063,0.21774194,0.3,24.17452402205985,6.373351773040706,0.36682829056700617,132.15556691864933,13611
2021,"Ketel Marte","ARI",115,0.06086957,0.12173913,0.5,0.38679245,0.43478261,0.73584906,1.17063167,0.34905661,0.39285714,29.871638003077827,15.94555086949142,0.4820124219570841,202.3416341840494,13613
2021,"Carson Kelly","ARI",134,0.14179104,0.14179104,1,0.3125,0.41044776,0.60714286,1.01759062,0.29464286,0.30232558,28.237001632948314,12.010082712073718,0.42275356529350566,163.84067926473801,13620
2021,"Jeimer Candelario","DET",173,0.05780347,0.21965318,0.26315789,0.27329193,0.32369942,0.42857143,0.75227085,0.1552795,0.34166667,22.431743396474054,1.4820644911658076,0.32478066193575117,105.44651552395644,13621
2021,"Corey Seager","LAD",124,0.0483871,0.21774194,0.22222222,0.33043478,0.37096774,0.54782609,0.91879383,0.21739131,0.38554217,22.72075181768119,7.7047969953793265,0.3895256822147677,146.9022444925607,13624
2021,"Tyrone Taylor","MIL",89,0.03370787,0.24719101,0.13636364,0.29761905,0.33707865,0.5,0.83707865,0.20238095,0.35087719,13.982795496179252,3.205215018881947,0.3579538926649629,122.41918367405806,13675
2021,"Jacob Stallings","PIT",151,0.09271523,0.19205298,0.48275862,0.2,0.27152318,0.32592593,0.59744911,0.12592593,0.22115385,11.884084028269344,-6.401473860178894,0.26318764607637923,62.96970672802705,13723
2021,"David Dahl","TEX",64,0.046875,0.3125,0.15,0.10169492,0.15625,0.13559322,0.29184322,0.0338983,0.15,-1.6212905379999007,-9.37146076886538,0.13744681980460882,-19.907590583748725,13744
2021,"Chris Taylor","LAD",170,0.1,0.3,0.33333333,0.29605263,0.37058824,0.52631579,0.89690403,0.23026316,0.41052632,29.79560638930359,9.209216713567162,0.3799005827960178,140.64874012748336,13757
2021,"Rob Refsnyder","MIN",64,0.125,0.21875,0.57142857,0.30357143,0.390625,0.39285714,0.78348214,0.08928571,0.3902439,9.576214951810318,1.8260447209448392,0.348911227658391,121.87927448441893,13770
2021,"Kevin Plawecki","BOS",78,0.06410256,0.11538462,0.55555556,0.30985915,0.37179487,0.42253521,0.79433008,0.11267606,0.33333333,11.676553739781053,2.2310337709137507,0.3489970992773007,117.55020438156983,13807
2021,"Matt Duffy","CHC",102,0.10784314,0.14705882,0.73333333,0.26966292,0.3627451,0.31460674,0.67735184,0.04494382,0.32432432,11.962090272095056,-0.38974353334679934,0.30980823086757286,91.27609197250753,13836
2021,"Joey Wendle","TBR",134,0.08208955,0.26119403,0.31428571,0.20168067,0.28358209,0.31932773,0.60290982,0.11764706,0.26506024,11.115377240925602,-5.111541679948994,0.26832197717766265,72.83087464352643,13853
2021,"Eric Haase","DET",127,0.04724409,0.2992126,0.15789474,0.28333333,0.31496063,0.59166667,0.9066273,0.30833334,0.31944444,21.96391769222345,6.584673640349769,0.3770916626209349,140.78524542028254,14111
2021,"Joey Gallo","2 Tms",218,0.1559633,0.38073394,0.40963855,0.2,0.33944954,0.42777778,0.76722732,0.22777778,0.29069767,30.34865918956386,3.949641840678325,0.3363240858830443,114.35251357433191,14128
2021,"Byron Buxton","MIN",86,0.04651163,0.25581395,0.18181818,0.325,0.37209302,0.625,0.99709302,0.3,0.39622642,17.79957744180951,7.385286194084025,0.41821868336477946,168.6999704169927,14161
2021,"Carlos Correa","HOU",221,0.14479638,0.14479638,1,0.29032258,0.39819005,0.44623656,0.84442661,0.15591398,0.32666667,36.619265185937486,9.85695860748013,0.36833363392136315,137.54121303492605,14162
2021,"Jorge Soler","2 Tms",168,0.13095238,0.25,0.52380952,0.22377622,0.33532934,0.51048951,0.84581885,0.28671329,0.2247191,26.686966339522073,6.3427694835001915,0.3600833219682385,125.57156591600094,14221
2021,"Mitch Haniger","SEA",229,0.09170306,0.22707424,0.40384615,0.28571429,0.34934498,0.57142857,0.92077355,0.28571428,0.30215827,40.33791379966834,12.606835942352806,0.380963968810531,148.2077862020753,14274
2021,"Wilmer Difo","PIT",67,0.04477612,0.29850746,0.15,0.234375,0.26865672,0.28125,0.54990672,0.046875,0.34090909,4.2100391143681835,-3.903420346069115,0.24401124021900233,50.510641889486784,14320
2021,"Matt Olson","OAK",254,0.1023622,0.18110236,0.56521739,0.27027027,0.35433071,0.60810811,0.96243882,0.33783784,0.24358974,48.32494215365479,17.566454049907424,0.39801491844275644,158.98633596407933,14344
2021,"Raimel Tapia","COL",138,0.04347826,0.12318841,0.35294118,0.29230769,0.32116788,0.34615385,0.66732173,0.05384616,0.33333333,14.224483843091432,-2.486820717212255,0.29264627712486435,68.22445846856252,14350
2021,"Lewis Brinson","MIA",96,0.0625,0.27083333,0.23076923,0.25555556,0.30208333,0.44444444,0.74652777,0.18888888,0.31666667,12.044273938665901,0.41901859236768435,0.3197018839418888,102.94018381979004,14352
2021,"Harold Ramirez","CLE",126,0.05555556,0.15079365,0.36842105,0.28813559,0.33333333,0.44067797,0.7740113,0.15254238,0.32989691,17.277047344387032,2.018899702370621,0.3337924627084581,111.56576045881812,14387
2021,"Pedro Severino","BAL",161,0.07453416,0.21118012,0.35294118,0.29251701,0.34161491,0.47619048,0.81780539,0.18367347,0.33333333,24.08442372651951,4.587901739498541,0.3488681220119784,120.16536602974497,14523
2021,"Anthony Santander","BAL",157,0.04458599,0.31210191,0.14285714,0.25675676,0.29299363,0.40540541,0.69839904,0.14864865,0.35416667,17.141320897731223,-1.8708154498606548,0.300024304040678,87.16889362844395,14551
2021,"Franmil Reyes","CLE",146,0.12328767,0.29452055,0.41860465,0.25984252,0.35616438,0.51968504,0.87584942,0.25984252,0.32,23.987075718539415,6.306999879377545,0.36663792391757033,133.75453273970908,14566
2021,"David Bote","CHC",100,0.09,0.25,0.36,0.21348315,0.29,0.41573034,0.70573034,0.20224719,0.24590164,11.163061247959943,-0.9465797377673675,0.30298573672771456,86.84346275714515,14593
2021,"Manuel Margot","TBR",209,0.09569378,0.12440191,0.76923077,0.27272727,0.34615385,0.40641711,0.75257096,0.13368984,0.29936306,27.340632814410803,2.031483154240726,0.3261744241112644,111.91313208937075,14712
2021,"Brett Phillips","TBR",84,0.10714286,0.48809524,0.2195122,0.10958904,0.20731707,0.16438356,0.37170063,0.05479452,0.22580645,0.8192756076555945,-9.352822820355346,0.1798530002919639,13.065600849910734,14735
2021,"Yu Chang","CLE",132,0.04545455,0.27272727,0.16666667,0.22580645,0.26515152,0.40322581,0.66837733,0.17741936,0.28235294,12.712227101279987,-3.272498999880063,0.28446232956467254,78.24075753239174,14773
2021,"Luke Voit","NYY",92,0.10869565,0.25,0.43478261,0.25925926,0.34782609,0.40740741,0.7552335,0.14814815,0.32727273,12.469581364993019,1.3287116581238927,0.3318822170081346,111.17363568430896,14811
2021,"Kyle Farmer","CIN",122,0.04918033,0.16393443,0.3,0.25663717,0.31147541,0.47787611,0.78935152,0.22123894,0.25581395,17.083207395644315,2.3094453930569974,0.33730581011928495,105.27650197243136,14813
2021,"Mike Yastrzemski","SFG",126,0.08730159,0.26190476,0.33333333,0.16964286,0.25396825,0.25892857,0.51289682,0.08928571,0.21794872,6.853935756251808,-8.404211885764603,0.23381023416443478,46.13536819880679,14854
2021,"Pat Valaika","BAL",113,0.07079646,0.21238938,0.33333333,0.21359223,0.26548673,0.29126214,0.55674887,0.07766991,0.25316456,7.332004457060629,-6.351889856811231,0.2464872429856157,51.00189786680821,14885
2021,"Tony Kemp","OAK",97,0.17525773,0.18556701,0.94444444,0.24,0.40206186,0.33333333,0.73539519,0.09333333,0.28571429,13.887655116597925,2.1413033604424334,0.34110747231650596,120.5424744167148,14894
2021,"Victor Caratini","SDP",76,0.05263158,0.30263158,0.17391304,0.27142857,0.31578947,0.32857143,0.6443609,0.05714286,0.38297872,6.679526968392233,-2.5238001807605226,0.27429015088725733,72.96134004245644,14968
2021,"Ryan McMahon","COL",173,0.0982659,0.26589595,0.36956522,0.22875817,0.31213873,0.35294118,0.66507991,0.12418301,0.29807692,17.824734581449697,-3.1249443238585513,0.2925945208516232,68.19083200232537,15112
2021,"Hunter Dozier","KCR",158,0.11392405,0.29746835,0.38297872,0.20437956,0.30379747,0.33576642,0.63956389,0.13138686,0.28409091,15.389051551892349,-3.7441812055568007,0.28578495300268825,77.36293842432494,15117
2021,"Trey Mancini","BAL",223,0.09865471,0.20627803,0.47826087,0.28787879,0.3632287,0.53535354,0.89858224,0.24747475,0.32394366,38.74554933995845,11.741049941786555,0.3780617441526905,139.88713609747438,15149
2021,"Mitch Garver","MIN",105,0.0952381,0.3047619,0.3125,0.21505376,0.28571429,0.4516129,0.73732719,0.23655914,0.24561404,12.465783543216634,-0.24933949179704168,0.311556347211202,96.64416115945716,15161
2021,"Tim Anderson","CHW",143,0.03496503,0.20979021,0.16666667,0.31884058,0.34265734,0.48550725,0.82816459,0.16666667,0.38461538,21.698478042850578,4.381691433260525,0.3514605458353607,124.48164600021892,15172
2021,"Chad Pinder","OAK",114,0.0877193,0.23684211,0.37037037,0.29126214,0.35964912,0.52427184,0.88392096,0.2330097,0.35211268,19.621889229506554,5.81689850577742,0.37609768122957465,144.18013237773292,15191
2021,"Jake Bauers","2 Tms",70,0.05714286,0.37142857,0.15384615,0.23076923,0.27536232,0.26153846,0.53690078,0.03076923,0.38461538,4.294422510656642,-4.182326179352475,0.24170838318009308,53.45146088248257,15194
2021,"Adam Frazier","2 Tms",181,0.06077348,0.17127072,0.35483871,0.27439024,0.34254144,0.40853659,0.75107803,0.13414635,0.32307692,24.078184748982096,2.159734564815662,0.3288481956687421,106.59690701890321,15223
2021,"Garrett Cooper","MIA",71,0.08450704,0.28169014,0.3,0.34375,0.4084507,0.5625,0.9709507,0.21875,0.45,14.49060272740831,5.892757627541921,0.41473921671719616,164.68670190748392,15279
2021,"Frank Schwindel","2 Tms",80,0.1125,0.1375,0.81818182,0.32394366,0.4,0.67605634,1.07605634,0.35211268,0.31481481,18.065412540048072,8.377699751466222,0.4400890660591615,177.4596519797903,15351
2021,"Jeff McNeil","NYM",110,0.07272727,0.17272727,0.42105263,0.25252525,0.32727273,0.3030303,0.63030303,0.05050505,0.3125,10.72735381274716,-2.5932512715528824,0.28593281507492063,83.05903431993215,15362
2021,"Jack Mayfield","2 Tms",103,0.06796117,0.22330097,0.30434783,0.22340426,0.2815534,0.41489362,0.69644702,0.19148936,0.23880597,11.118740230583013,-1.3541899847161165,0.2985359233559914,88.60029840053842,15402
2021,"Kris Bryant","2 Tms",153,0.12418301,0.24836601,0.5,0.28358209,0.37254902,0.53731343,0.90986245,0.25373134,0.33333333,26.616359111484567,8.08860840332178,0.38104583342870074,137.50724048199686,15429
2021,"Hunter Renfroe","BOS",207,0.11594203,0.19806763,0.58536585,0.27624309,0.36231884,0.51933702,0.88165586,0.24309393,0.3,35.47555522365415,10.408598383198614,0.37520045963462423,135.25190119322778,15464
2021,"Aristides Aquino","CIN",98,0.15306122,0.28571429,0.53571429,0.19753086,0.31632653,0.44444444,0.76077097,0.24691358,0.20408163,12.485612949022265,0.6181647830095017,0.32205029861214235,95.36487367116293,15482
2021,"Victor Reyes","DET",69,0.04347826,0.20289855,0.21428571,0.32307692,0.35294118,0.50769231,0.86063349,0.18461539,0.3877551,11.334802146644709,2.9791498664928655,0.36661067605018616,133.70480825373417,15487
2021,"J.P. Crawford","SEA",273,0.05494505,0.17582418,0.3125,0.27380952,0.32352941,0.37698413,0.70051354,0.10317461,0.32338308,31.38222903121421,-1.6770908598213503,0.3070015637751888,98.24243627966545,15491
2021,"Amed Rosario","CLE",188,0.06382979,0.17553191,0.36363636,0.3125,0.35638298,0.48295455,0.83933753,0.17045455,0.36231884,29.80204523846767,7.035920185300324,0.35965983030643867,129.04047714748057,15518
2021,"Willians Astudillo","MIN",87,0.02298851,0.05747126,0.4,0.24096386,0.26436782,0.39759036,0.66195818,0.1566265,0.22368421,8.189047036261702,-2.346340621321058,0.28183019161224365,76.56263777416119,15608
2021,"Aaron Judge","NYY",188,0.12765957,0.23404255,0.54545455,0.29813665,0.39361702,0.59627329,0.98989031,0.29813664,0.32038835,38.36240494024351,15.596279887076165,0.41469371063824007,167.1169930541575,15640
2021,"Dominic Smith","NYM",139,0.07913669,0.20143885,0.39285714,0.312,0.36690647,0.416,0.78290647,0.104,0.3814433,19.895156400200698,3.0627554300397386,0.341057820714635,118.87419304144478,15653
2021,"Billy McKinney","3 Tms",68,0.13235294,0.29411765,0.45,0.22033898,0.32352941,0.38983051,0.71335992,0.16949153,0.2972973,8.21590743079729,-0.018648439497280567,0.31409499312148376,97.61295526724538,15654
2021,"Austin Meadows","TBR",189,0.07936508,0.22751323,0.34883721,0.19760479,0.26984127,0.29341317,0.56325444,0.09580838,0.24,12.995337066434256,-9.891884396590358,0.25116878085666233,61.2430219221738,15672
2021,"Jose Abreu","CHW",153,0.07189542,0.18954248,0.37931034,0.29411765,0.36601307,0.60294118,0.96895425,0.30882353,0.29896907,30.03051383537804,11.502763127215259,0.40529356205385497,160.84857446138165,15676
2021,"Rowdy Tellez","2 Tms",63,0.04761905,0.19047619,0.25,0.27586207,0.33333333,0.39655172,0.72988505,0.12068965,0.31818182,7.953861956350668,0.3247881353424618,0.3206574207260495,98.80724492135657,15679
2021,"Tyler O'Neill","STL",98,0.13265306,0.28571429,0.46428571,0.28915663,0.3877551,0.63855422,1.02630932,0.34939759,0.34693878,20.79548327357596,8.928035107563195,0.4245362038515052,170.91985727185616,15711
2021,"Yonathan Daza","COL",117,0.05982906,0.1965812,0.30434783,0.2962963,0.33913043,0.38888889,0.72801932,0.09259259,0.36904762,14.540414053277402,0.3721340999764497,0.31827068380687545,84.8728412090377,15794
2021,"Miguel Andujar","NYY",66,0.04545455,0.24242424,0.1875,0.22222222,0.25757576,0.33333333,0.59090909,0.11111111,0.26666667,4.887457965315362,-3.1049050852646625,0.2575673018441056,60.97014731950242,15878
2021,"Luis Torrens","SEA",151,0.05298013,0.22516556,0.23529412,0.27464789,0.31125828,0.54225352,0.8535118,0.26760563,0.3,23.33341105210179,5.047853163653553,0.35483057975769045,130.5533585498146,15905
2021,"Aledmys Diaz","HOU",110,0.06363636,0.17272727,0.36842105,0.26470588,0.31818182,0.47058824,0.78877006,0.20588236,0.29113924,15.080231720071545,1.7596266357715034,0.3337605453412467,114.18534098102865,15937
2021,"Austin Nola","SDP",75,0.06666667,0.09333333,0.71428571,0.34782609,0.38666667,0.43478261,0.82144928,0.08695652,0.38095238,11.688036450315657,2.6058057110201758,0.3564194361368815,126.32139602366648,15941
2021,"Clint Frazier","NYY",82,0.15853659,0.32926829,0.48148148,0.1884058,0.31707317,0.24637681,0.56344998,0.05797101,0.29268293,6.72556926973745,-3.2043363385589436,0.26719620533105803,67.47495921501606,15983
2021,"Willy Adames","2 Tms",168,0.11309524,0.30952381,0.36538462,0.23489933,0.32142857,0.44966443,0.771093,0.2147651,0.30337079,22.55142807265282,2.2072312166309334,0.330169281916704,107.22105652693244,15986
2021,"Cody Bellinger","LAD",96,0.10416667,0.20833333,0.5,0.11627907,0.20833333,0.1744186,0.38275193,0.05813953,0.13846154,1.1499582100735966,-10.475297136224622,0.18254276240865389,12.423779783663392,15998
2021,"Austin Slater","SFG",193,0.10880829,0.19170984,0.56756757,0.28402367,0.37305699,0.52071006,0.89376705,0.23668639,0.31147541,33.695184430089746,10.323577327636034,0.37907650364631135,140.51602971527788,16153
2021,"J.D. Davis","NYM",65,0.15384615,0.35384615,0.43478261,0.24074074,0.35384615,0.33333333,0.68717948,0.09259259,0.38709677,7.352395322549882,-0.5188713181728697,0.304778341203928,95.30312394256516,16219
2021,"Bradley Zimmer","CLE",88,0.07954545,0.34090909,0.23333333,0.21052632,0.29545455,0.26315789,0.55861244,0.05263157,0.31914894,6.431250301734008,-4.225233765706025,0.25639491934667935,59.279800647772724,16221
2021,"Trea Turner","2 Tms",167,0.06586826,0.11377246,0.57894737,0.39215686,0.43712575,0.7124183,1.14954405,0.32026144,0.39516129,42.75057272048835,22.527472274323742,0.477321606443589,201.17908965513706,16252
2021,"Oscar Mercado","CLE",98,0.1122449,0.14285714,0.78571429,0.29411765,0.3814433,0.43529412,0.81673742,0.14117647,0.33333333,15.41028076904576,3.5428326030329966,0.3581203234564398,128.00046231249266,16375
2021,"Michael Conforto","NYM",146,0.13013699,0.25342466,0.51351351,0.20491803,0.33561644,0.24590164,0.58151808,0.04098361,0.28571429,13.27432343335068,-4.405752405811191,0.27795414769486204,77.87523006836247,16376
2021,"Francisco Mejia","TBR",115,0.08695652,0.19130435,0.45454545,0.27619048,0.33913043,0.40952381,0.74865424,0.13333333,0.325,15.122536900146184,1.1964497665597762,0.32700100618859995,112.47153013921687,16403
2021,"Sergio Alcantara","CHC",81,0.11111111,0.2345679,0.47368421,0.14492754,0.24691358,0.1884058,0.43531938,0.04347826,0.19230769,2.222092373596024,-7.586716824843097,0.20122165605425835,20.72652255600236,16417
2021,"Jordan Luplow","2 Tms",109,0.17431193,0.30275229,0.57575758,0.16666667,0.31192661,0.37777778,0.68970439,0.21111111,0.19230769,12.490977034948328,-0.70853163949444,0.3065699590455501,95.39323824610041,16424
2021,"Thairo Estrada","SFG",60,0.08333333,0.16666667,0.5,0.23636364,0.3,0.38181818,0.68181818,0.14545454,0.25581395,6.107623815040268,-1.1581607763961177,0.2910965145644495,83.35472448334319,16426
2021,"Christian Arroyo","BOS",74,0.02702703,0.22972973,0.11764706,0.32857143,0.35616438,0.52857143,0.88473581,0.2,0.4,12.790570190212696,3.8294358607744865,0.3769723813827724,136.4489240609813,16434
2021,"Rhys Hoskins","PHI",150,0.12,0.22666667,0.52941176,0.25,0.36,0.5703125,0.9303125,0.3203125,0.26190476,27.73521276395221,9.570751285361245,0.3915435612201691,144.22099018296612,16472
2021,"Kyle Schwarber","2 Tms",149,0.1409396,0.2885906,0.48837209,0.26829268,0.38926174,0.39837398,0.78763572,0.1300813,0.37662338,22.621479589173227,4.578114520439533,0.3515625572044577,118.70978386406021,16478
2021,"Matt Chapman","OAK",208,0.12019231,0.31730769,0.37878788,0.22777778,0.31730769,0.48888889,0.80619658,0.26111111,0.26213592,29.734216922406024,4.5461636720932175,0.3408430995276341,120.36387721047694,16505
2021,"Isiah Kiner-Falefa","TEX",214,0.03271028,0.12616822,0.25925926,0.23267327,0.27102804,0.30693069,0.57795873,0.07425742,0.25862069,15.02429672997558,-10.890334979480865,0.2529196089981867,58.10012584754934,16512
2021,"Mauricio Dubon","SFG",73,0.06849315,0.15068493,0.45454545,0.25,0.30136986,0.42647059,0.72784045,0.17647059,0.25925926,8.129695480801601,-0.7103424387793349,0.302665543388313,90.8712153892763,16530
2021,"Danny Jansen","TOR",68,0.08823529,0.23529412,0.375,0.15,0.25,0.33333333,0.58333333,0.18333333,0.14634146,5.117190119135458,-3.1173657511591135,0.2590181529521942,57.57051435516824,16535
2021,"Ozzie Albies","ATL",175,0.04571429,0.13714286,0.33333333,0.32317073,0.35428571,0.58536585,0.93965156,0.26219512,0.33082707,32.55453456999513,11.362662844972334,0.39290266581944056,144.11085135045028,16556
2021,"Yandy Diaz","TBR",218,0.1146789,0.15137615,0.75757576,0.28795812,0.36697248,0.44502618,0.81199866,0.15706806,0.31818182,32.33858647894993,5.939569130064388,0.34735665570857915,126.22280216285773,16578
2021,"Luis Urias","MIL",135,0.1037037,0.17037037,0.60869565,0.24347826,0.33082707,0.46956522,0.80039229,0.22608696,0.24137931,19.394820220108528,3.0468048893766593,0.34170409521662204,111.86155981441586,16622
2021,"Jose Trevino","TEX",96,0.04166667,0.125,0.33333333,0.18888889,0.22340426,0.25555556,0.47895982,0.06666667,0.21794872,3.454506295457322,-8.170749050840897,0.2115569564890354,30.157559548478385,16725
2021,"Joshua Fuentes","COL",91,0.07692308,0.23076923,0.33333333,0.23809524,0.2967033,0.4047619,0.7014652,0.16666666,0.29508197,9.80877126319355,-1.2110020338183018,0.29834225243992274,71.92517935947636,16885
2021,"Colin Moran","PIT",95,0.11578947,0.24210526,0.47826087,0.17073171,0.28421053,0.26829268,0.55250321,0.09756097,0.21052632,6.928027839260059,-4.576131097180886,0.2562066366797999,58.43408887777271,16909
2021,"Jonah Heim","TEX",81,0.03703704,0.2345679,0.15789474,0.25333333,0.275,0.45333333,0.72833333,0.2,0.29090909,9.122734408799653,-0.6860747896394683,0.30418922305107116,92.73534633984116,16930
2021,"Lane Thomas","2 Tms",78,0.19230769,0.17948718,1.07142857,0.38095238,0.5,0.6031746,1.1031746,0.22222222,0.47916667,19.06819217218303,9.622672203315727,0.4652572405802739,192.01252758397422,16939
2021,"Derek Hill","DET",63,0.03174603,0.23809524,0.13333333,0.31147541,0.33333333,0.45901639,0.79234972,0.14754098,0.4,8.876023479862758,1.246949658854552,0.3383488295570252,114.61249981934168,16947
2021,"Gleyber Torres","NYY",158,0.08860759,0.17721519,0.5,0.29285714,0.35897436,0.44285714,0.8018315,0.15,0.33333333,23.208738003824948,4.075505246375797,0.34560244814042124,120.44234658160153,16997
2021,"Edmundo Sosa","STL",79,0.05063291,0.16455696,0.30769231,0.2173913,0.30379747,0.37681159,0.68060906,0.15942029,0.25,8.44310632564523,-1.1235100530793445,0.29723764069472686,88.21295880406045,17022
2021,"Alex Verdugo","BOS",201,0.04477612,0.17412935,0.25714286,0.22751323,0.26865672,0.28571429,0.55437101,0.05820106,0.26797386,13.035794098818057,-11.304584282493838,0.24645062346956623,48.27486720729804,17027
2021,"Ramon Laureano","OAK",129,0.08527132,0.18604651,0.45833333,0.30434783,0.37984496,0.47826087,0.85810583,0.17391304,0.36363636,21.673904134920793,6.052467263332565,0.3711337179176567,140.8267237945011,17128
2021,"Yoan Moncada","CHW",154,0.08441558,0.33116883,0.25490196,0.25185185,0.34415584,0.35555556,0.6997114,0.10370371,0.3902439,18.60398133332635,-0.044865784693706216,0.3140743320638483,99.2253654280144,17232
2021,"Jorge Mateo","2 Tms",75,0.04,0.29333333,0.13636364,0.25352113,0.28378378,0.38028169,0.66406547,0.12676056,0.35416667,7.2404968298366885,-1.8417339094587943,0.2860121179271389,78.55269231362591,17273
2021,"Bobby Bradley","CLE",78,0.08974359,0.3974359,0.22580645,0.16176471,0.26923077,0.42647059,0.69570136,0.26470588,0.1875,8.516580019066616,-0.928939949800686,0.30003220301408035,88.75899547740666,17278
2021,"Willi Castro","DET",136,0.03676471,0.16176471,0.22727273,0.28125,0.31111111,0.3828125,0.69392361,0.1015625,0.33018868,14.882157973089342,-1.586953767499799,0.3003231326738993,88.92421602298603,17338
2021,"Rafael Devers","BOS",252,0.07936508,0.16269841,0.48780488,0.27753304,0.3452381,0.40528634,0.75052444,0.1277533,0.31491713,33.51170459544531,2.9954093114124904,0.328792972697152,103.90129377662927,17350
2021,"Yermin Mercedes","CHW",70,0.07142857,0.08571429,0.83333333,0.33846154,0.38571429,0.52307692,0.90879121,0.18461538,0.35087719,12.50981034496309,4.033061654953974,0.3840622876001441,146.50577345495844,17423
2021,"Kelvin Gutierrez","2 Tms",81,0.0617284,0.27160494,0.22727273,0.25333333,0.30864198,0.4,0.70864198,0.14666667,0.33333333,9.35014973296476,-0.45865946547436165,0.30758258884335743,92.1965917529751,17468
2021,"Taylor Ward","LAA",77,0.1038961,0.18181818,0.57142857,0.3030303,0.39473684,0.45454545,0.84928229,0.15151515,0.36,12.985615609415575,3.6611920504055466,0.37189467329727977,137.0299376251471,17548
2021,"Myles Straw","2 Tms",202,0.1039604,0.2029703,0.51219512,0.24309392,0.32178218,0.27071823,0.59250041,0.02762431,0.31428571,17.431486579565092,-7.029988211604074,0.27236355324782946,71.61026698410295,17620
2021,"Alex Bregman","HOU",141,0.13475177,0.13475177,1,0.3,0.39716312,0.44166667,0.83882979,0.14166667,0.32653061,22.175338295971738,5.10074450609623,0.3581494997887716,130.6613147224179,17678
2021,"Kevin Newman","PIT",177,0.05084746,0.04519774,1.125,0.2208589,0.25862069,0.34355828,0.60217897,0.12269938,0.21428571,12.699494437685464,-8.734570107051875,0.2547827983318373,57.50900967216954,17696
2021,"Willie Calhoun","TEX",60,0.05,0.08333333,0.6,0.23636364,0.3,0.38181818,0.68181818,0.14545454,0.24489796,6.426249593945563,-0.8395349974908228,0.29751489758491517,88.22650151180747,17838
2021,"Andrew Benintendi","KCR",156,0.04487179,0.17307692,0.25925926,0.30344828,0.33974359,0.45517241,0.794916,0.15172413,0.35042735,22.178713538434646,3.2876736007000433,0.33989827716961885,113.91922909893866,17901
2021,"Brendan Rodgers","COL",106,0.02830189,0.13207547,0.21428571,0.31683168,0.3490566,0.63366337,0.98271997,0.31683169,0.30379747,21.308585312414824,8.472365867543878,0.4110303847294933,145.13956359663865,17907
2021,"Ian Happ","CHC",125,0.104,0.304,0.34210526,0.21296296,0.30081301,0.35185185,0.65266486,0.13888889,0.29411765,12.45984696560012,-2.677204266559018,0.2885403017687604,77.45814769273271,17919
2021,"Isan Diaz","MIA",86,0.08139535,0.24418605,0.33333333,0.16883117,0.24418605,0.19480519,0.43899124,0.02597402,0.22807018,1.877100063757825,-8.537191183967662,0.19444543832824343,21.560065514400367,17922
2021,"Cedric Mullins","BAL",247,0.06882591,0.18623482,0.36956522,0.27678571,0.33739837,0.45089286,0.78829123,0.17410715,0.31176471,34.84921625281076,4.938403018064305,0.3385913822115684,113.22290789924368,17929
2021,"Ty France","SEA",216,0.06018519,0.15740741,0.38235294,0.31088083,0.36574074,0.50777202,0.87351276,0.19689119,0.33116883,36.026174179541435,9.869349650370442,0.3696508199669594,140.5651812810583,17982
2021,"Tyler Stephenson","CIN",143,0.09090909,0.13986014,0.65,0.29133858,0.35664336,0.45669291,0.81333627,0.16535433,0.31428571,21.20968220579834,3.8928955962082843,0.34732923919046427,111.78880431058262,17988
2021,"David Fletcher","LAA",209,0.07177033,0.05741627,1.25,0.31606218,0.36538462,0.41450777,0.77989239,0.09844559,0.32960894,29.906359782240777,4.5972101220707,0.3410119033203675,116.16706265870474,17992
2021,"Paul DeJong","STL",90,0.08888889,0.33333333,0.26666667,0.1625,0.25555556,0.35,0.60555556,0.1875,0.19565217,7.344725989295428,-3.55395089785915,0.26669936974843345,68.37199900134459,18015
2021,"Harrison Bader","STL",75,0.05333333,0.21333333,0.25,0.24285714,0.29333333,0.47142857,0.7647619,0.22857143,0.26,9.445899560761486,0.36366882146600293,0.3202870343182538,103.18833488758688,18030
2021,"Jake Cronenworth","SDP",199,0.06532663,0.15577889,0.41935484,0.26966292,0.33673469,0.43258427,0.76931896,0.16292135,0.30769231,27.265508347715947,3.1673227861186013,0.3336633577638743,111.5365892132112,18036
2021,"Dylan Moore","SEA",158,0.13291139,0.20886076,0.63636364,0.20588235,0.3164557,0.36764706,0.68410276,0.16176471,0.22680412,17.807189022815887,-1.326043734633264,0.3042827440968043,96.40573591085644,18042
2021,"Kyle Garlick","MIN",63,0.03174603,0.3015873,0.10526316,0.27118644,0.3015873,0.57627119,0.87785849,0.30508475,0.32432432,10.149916729783067,2.5208429087748607,0.36278811239060904,131.25381282111724,18063
2021,"Brian Anderson","MIA",60,0.03333333,0.43333333,0.07692308,0.15789474,0.2,0.22807018,0.42807018,0.07017544,0.26666667,0.7567370701156068,-6.509047521320779,0.18330849833407645,14.324306190038701,18289
2021,"Dansby Swanson","ATL",147,0.08163265,0.21088435,0.38709677,0.23664122,0.29931973,0.46564885,0.76496858,0.22900763,0.25,18.49329222396705,0.6921199749479032,0.32011707759883307,96.82147034253882,18314
2021,"Kyle Tucker","HOU",202,0.06930693,0.12376238,0.56,0.28648649,0.33168317,0.57837838,0.91006155,0.29189189,0.26666667,35.03800872265444,10.576533931485272,0.3777095843659769,143.87514234126004,18345
2021,"Austin Riley","ATL",149,0.06040268,0.28187919,0.21428571,0.27407407,0.32214765,0.42962963,0.75177728,0.15555556,0.3655914,18.93553002165112,0.8921649529174299,0.32166339006999994,97.82612196924083,18360
2021,"Victor Robles","WSN",112,0.125,0.24107143,0.51851852,0.17582418,0.33035714,0.24175824,0.57211538,0.06593406,0.23809524,9.390569884272864,-4.172228019741723,0.26940225416963753,64.51745500933339,18363
2021,"Ryan Mountcastle","BAL",209,0.07655502,0.26315789,0.29090909,0.26595745,0.31578947,0.52659574,0.84238521,0.26063829,0.296,31.27370241032085,5.964552750150772,0.3489191818695802,120.19985954913288,18373
2021,"Ronald Acuna Jr.","ATL",81,0.18518519,0.17283951,1.07142857,0.3015873,0.43209877,0.63492063,1.0670194,0.33333333,0.28888889,18.234614921295037,8.425805722855916,0.4401516686251134,174.8089078001573,18401
2021,"Trent Grisham","SDP",138,0.11594203,0.1884058,0.61538462,0.26086957,0.37226277,0.45217391,0.82443668,0.19130434,0.29411765,21.774564530289517,5.063259969985831,0.35877170223389226,127.84968219147737,18564
2021,"Luis Arraez","MIN",114,0.11403509,0.1754386,0.65,0.25252525,0.33333333,0.32323232,0.65656565,0.07070707,0.30864198,11.840763554080386,-1.9642271696487477,0.2936015563052997,84.51479070471827,18568
2021,"Ke'Bryan Hayes","PIT",120,0.06666667,0.19166667,0.34782609,0.27927928,0.325,0.41441441,0.73941441,0.13513513,0.34090909,14.91159424307723,0.3800250602044577,0.31825405557950337,98.74679506917253,18577
2021,"Jared Walsh","LAA",192,0.046875,0.28125,0.16666667,0.17032967,0.20833333,0.35714286,0.56547619,0.18681319,0.17647059,11.52762415117293,-11.722886541423506,0.24063104980935654,48.35471300902543,18607
2021,"Guillermo Heredia","ATL",100,0.08,0.19,0.42105263,0.25842697,0.33,0.42696629,0.75696629,0.16853932,0.31428571,13.128790718081804,1.0191497323544927,0.32674427509307863,101.12721375935611,18721
2021,"Ramon Urias","BAL",132,0.09090909,0.27272727,0.33333333,0.23529412,0.31060606,0.40336134,0.7139674,0.16806722,0.29487179,15.638932414264266,-0.3457936868957833,0.3112602464177392,94.75934167173884,18795
2021,"Andy Ibanez","TEX",97,0.03092784,0.10309278,0.3,0.34408602,0.37113402,0.52688172,0.89801574,0.1827957,0.3625,17.298560359277918,5.552208603122427,0.3836079577809757,146.386723269493,18819
2021,"Josh Naylor","CLE",90,0.05555556,0.23333333,0.23809524,0.19277108,0.24719101,0.26506024,0.51225125,0.07228916,0.24590164,4.6041094484132605,-6.294567438741319,0.22989480080229513,41.37762865346294,18839
2021,"Brandon Lowe","TBR",188,0.07446809,0.34042553,0.21875,0.19767442,0.2606383,0.40116279,0.66180109,0.20348837,0.24242424,18.02463702067745,-4.741488032489896,0.2839437976796576,83.38420545306778,18882
2021,"Danny Mendick","CHW",80,0.0875,0.25,0.35,0.21917808,0.2875,0.26027397,0.54777397,0.04109589,0.28846154,5.451742133718308,-4.23597065486354,0.2504295535385609,56.23009467889919,18889
2021,"Will Smith","LAD",138,0.10869565,0.1884058,0.57692308,0.23140496,0.31884058,0.41322314,0.73206372,0.18181818,0.24444444,15.88169228856916,-0.8296122717345278,0.3071605078320005,93.38892944777042,19197
2021,"Yuli Gurriel","HOU",208,0.11057692,0.08173077,1.35294118,0.32596685,0.39423077,0.53038674,0.92461751,0.20441989,0.31875,38.013159934369,12.825106684056193,0.3889500168920721,151.46862370760033,19198
2021,"Lourdes Gurriel Jr.","TOR",156,0.05128205,0.21153846,0.24242424,0.26896552,0.30128205,0.44137931,0.74266136,0.17241379,0.30909091,18.885523546419826,-0.005516391314777917,0.31438371271659166,94.97275358679322,19238
2021,"Pete Alonso","NYM",199,0.13065327,0.2160804,0.60465116,0.23668639,0.34170854,0.56213018,0.90383872,0.32544379,0.21428571,33.15781556193062,9.059630000333271,0.36945060356376097,137.32121200291368,19251
2021,"Cavan Biggio","TOR",70,0.11428571,0.34285714,0.33333333,0.2,0.28985507,0.25,0.53985507,0.05,0.32432432,4.6783892153308955,-3.7983594746782208,0.2488430418829987,50.69671157889556,19252
2021,"Jake Fraley","SEA",85,0.16470588,0.35294118,0.46666667,0.16901408,0.30588235,0.22535211,0.53123446,0.05633803,0.275,6.153409805461959,-4.139785032406254,0.2555617655024809,63.49224772906498,19260
2021,"Garrett Hampson","COL",159,0.08176101,0.16352201,0.5,0.27083333,0.33544304,0.47916667,0.81460971,0.20833334,0.30088496,23.655057952428656,4.400728785122231,0.34787855684002744,104.10931401811744,19262
2021,"Adolis Garcia","TEX",213,0.03755869,0.33802817,0.11111111,0.23152709,0.2629108,0.43349754,0.69640834,0.20197045,0.30327869,22.369486246971167,-3.424049052628003,0.29499718812709685,86.52566128084499,19287
2021,"Randy Arozarena","TBR",233,0.11158798,0.26180258,0.42622951,0.3019802,0.38626609,0.53465347,0.92091956,0.23267327,0.38345865,42.25123511135966,14.035771614615026,0.38723398939422937,153.16196038282266,19290
2021,"Nick Solak","TEX",158,0.07594937,0.1835443,0.4137931,0.26618705,0.35443038,0.37410072,0.7285311,0.10791367,0.31775701,20.587540492972465,1.4543077355233154,0.3255513284025313,107.16653024273155,19294
2021,"Bryan Reynolds","PIT",191,0.12041885,0.22513089,0.53488372,0.3253012,0.40314136,0.51204819,0.91518955,0.18674699,0.41322314,34.26471269139538,11.135298408656219,0.3848899928006259,142.04069845177588,19326
2021,"Yadiel Hernandez","WSN",86,0.06976744,0.26744186,0.26086957,0.3,0.34883721,0.5125,0.86133721,0.2125,0.37735849,14.13211653130979,3.7178252835843044,0.3666764761126319,127.71729794758157,19334
2021,"Nicky Lopez","KCR",141,0.06382979,0.14184397,0.45,0.288,0.33576642,0.368,0.70376642,0.08,0.33018868,16.316755061546978,-0.7578387283285298,0.3079303376866083,92.3232671801261,19339
2021,"Eli White","TEX",87,0.11494253,0.26436782,0.43478261,0.13333333,0.25287356,0.2,0.45287356,0.06666667,0.17647059,3.6260589599795754,-6.9093286976031845,0.21843941800895778,34.80701082046069,19346
2021,"DJ Peters","2 Tms",90,0.06666667,0.34444444,0.19354839,0.14814815,0.21111111,0.28395062,0.49506173,0.13580247,0.18367347,2.8604827963875175,-8.038194090767062,0.2061935771595348,26.97349144820049,19348
2021,"Sean Murphy","OAK",142,0.08450704,0.26760563,0.31578947,0.19354839,0.28169014,0.34677419,0.62846433,0.1532258,0.22891566,12.83108967170102,-4.364600528031761,0.27727702427917805,77.42177451025144,19352
2021,"Austin Hays","BAL",214,0.04672897,0.15420561,0.3030303,0.30808081,0.34597156,0.55050505,0.89647661,0.24242424,0.32258065,37.16573520068791,11.251103491231467,0.3779708567953788,139.82573708524063,19363
2021,"Tommy Edman","STL",157,0.05095541,0.13375796,0.38095238,0.26712329,0.30769231,0.48630137,0.79399368,0.21917808,0.275,21.75423524488391,2.7420988972920304,0.3355360241272511,113.09572598921248,19470
2021,"Yordan Alvarez","HOU",229,0.07860262,0.23144105,0.33962264,0.28292683,0.34934498,0.53170732,0.8810523,0.24878049,0.31914894,38.75861836414555,11.02754050683001,0.37262861827575483,140.4426924564769,19556
2021,"Zack Short","DET",81,0.14814815,0.25925926,0.57142857,0.13432836,0.25925926,0.29850746,0.55776672,0.1641791,0.13333333,5.179429256278405,-4.629379942160718,0.24534940272569655,51.78667767374644,19562
2021,"Nathaniel Lowe","TEX",207,0.11111111,0.26570048,0.41818182,0.27717391,0.35748792,0.39673913,0.75422705,0.11956522,0.376,28.17337485370051,3.106418013244977,0.33256429001904914,111.90414093825052,19566
2021,"Chas McCormick","HOU",90,0.1,0.31111111,0.32142857,0.24358974,0.32222222,0.5,0.82222222,0.25641026,0.29787234,13.216431314115447,2.3177544269608674,0.34555227756500245,122.15125320994788,19599
2021,"Vladimir Guerrero Jr.","TOR",173,0.15606936,0.13872832,1.125,0.29452055,0.40462428,0.54109589,0.94572017,0.24657534,0.28828829,33.8318066091828,12.882127703874549,0.4044254070761576,155.8004776735452,19611
2021,"Bo Bichette","TOR",164,0.08536585,0.17073171,0.5,0.34,0.39634146,0.55333333,0.94967479,0.21333333,0.37719298,32.16321411974173,12.303402903148939,0.4050993232465372,156.25574217252003,19612
2021,"Brent Rooker","MIN",76,0.07894737,0.28947368,0.27272727,0.21212121,0.31578947,0.37878788,0.69457735,0.16666667,0.28571429,8.803104449862586,-0.4002226992901702,0.30806166168890503,94.2833241246567,19627
2021,"Mike Brosseau","TBR",109,0.11926606,0.27522936,0.43333333,0.23404255,0.32110092,0.42553191,0.74663283,0.19148936,0.29032258,13.815449772507385,0.6159410980646175,0.3212562624467622,108.59066483828003,19683
2021,"Fernando Tatis Jr.","SDP",134,0.12686567,0.26865672,0.47222222,0.28448276,0.37313433,0.59482759,0.96796192,0.31034483,0.33333333,25.46327971692784,9.236360796053244,0.39773547876882187,153.16476061720516,19709
2021,"Josh Rojas","ARI",148,0.10135135,0.27702703,0.36585366,0.27692308,0.35172414,0.42307692,0.77480106,0.14615384,0.37647059,20.859338808647763,2.937070149771345,0.3384119407884006,109.04324870802682,19734
2021,"Shohei Ohtani","LAA",224,0.10267857,0.30803571,0.33333333,0.26262626,0.34375,0.63636364,0.98011364,0.37373738,0.30357143,42.452452210705616,15.32685640267644,0.3971256009519917,154.07470690397585,19755
2021,"Abraham Toro","2 Tms",122,0.09016393,0.17213115,0.52380952,0.25,0.33606557,0.2962963,0.63236187,0.0462963,0.31034483,12.260271726041335,-2.5134902765459834,0.28952564909809925,85.98175373999383,19844
2021,"Pavin Smith","ARI",149,0.08724832,0.20805369,0.41935484,0.23880597,0.30872483,0.29850746,0.60723229,0.05970149,0.30097087,12.99523057351217,-5.04813449522152,0.2734777047330101,66.85495423448396,19892
2021,"Jesus Sanchez","MIA",76,0.06578947,0.34210526,0.19230769,0.25714286,0.31578947,0.48571429,0.80150376,0.22857143,0.35,10.589863563513031,1.386536414360276,0.3364767090479533,113.83892236370919,19913
2021,"Daulton Varsho","ARI",90,0.08888889,0.17777778,0.5,0.29268293,0.35555556,0.46341463,0.81897019,0.1707317,0.33333333,13.53481670620005,2.636139819045471,0.34982797135128063,116.46033541549058,19918
2021,"Ryan McKenna","BAL",89,0.1011236,0.34831461,0.29032258,0.15384615,0.25,0.21794872,0.46794872,0.06410257,0.23913043,3.814869512873242,-6.962710964424064,0.21987148848446933,33.02160792811206,19928
2021,"Luke Williams","PHI",65,0.09230769,0.15384615,0.6,0.28813559,0.35384615,0.38983051,0.74367666,0.10169492,0.33333333,8.59253955175429,0.7212729110315389,0.32783810267081626,102.83104232003035,19931
2021,"Gavin Lux","LAD",98,0.12244898,0.24489796,0.5,0.18823529,0.28571429,0.24705882,0.53277311,0.05882353,0.24590164,6.4103410809816594,-5.4571070850311045,0.24712376995962493,54.38257886207779,19955
2021,"Carter Kieboom","WSN",88,0.13636364,0.15909091,0.85714286,0.17808219,0.31818182,0.30136986,0.61955168,0.12328767,0.17857143,8.338041937001954,-2.3184421304380782,0.28258377587658234,73.0815954869023,19958
2021,"Taylor Trammell","SEA",60,0.1,0.43333333,0.23076923,0.09803922,0.20689655,0.19607843,0.40297498,0.09803921,0.16666667,1.1746439127147157,-6.09114067872167,0.19172679453060545,20.368492351281603,19960
2021,"Bobby Dalbec","BOS",190,0.05789474,0.34210526,0.16923077,0.27840909,0.32631579,0.55113636,0.87745215,0.27272727,0.37623762,31.1098921967485,8.101574323866613,0.365962580398277,129.01124597975152,19966
2021,"Santiago Espinal","TOR",99,0.07070707,0.11111111,0.63636364,0.34782609,0.39393939,0.40217391,0.7961133,0.05434782,0.39506173,15.0138720461071,3.0253274702370625,0.35136103208618935,119.95280528483904,19997
2021,"Luis Robert","CHW",68,0.05882353,0.19117647,0.30769231,0.3968254,0.44117647,0.79365079,1.23482726,0.39682539,0.43181818,19.15924599857938,10.924690128284807,0.5086027357115674,230.63915265493898,20043
2021,"Juan Soto","WSN",238,0.16806723,0.17647059,0.95238095,0.27979275,0.40336134,0.47150259,0.87486393,0.19170984,0.30555556,40.10715967981395,11.286214133782947,0.3717413202955805,131.00796787508446,20123
2021,"Dylan Carlson","STL",138,0.08695652,0.23188406,0.375,0.34146341,0.39416058,0.52845528,0.92261586,0.18699187,0.42045455,25.614322523467948,8.903017963164256,0.39240122755078505,150.04150518161762,20126
2021,"Brandon Marsh","LAA",81,0.03703704,0.37037037,0.1,0.25974026,0.2875,0.27272727,0.56022727,0.01298701,0.42553191,5.506890006872361,-4.30191919156676,0.25023559108376503,54.84306699630769,20202
2021,"Alex Kirilloff","MIN",71,0.04225352,0.21126761,0.2,0.27941176,0.30985915,0.47058824,0.78044739,0.19117648,0.32,9.661586397639379,1.0637412977729883,0.3325345835215609,110.81602208665689,20325
2021,"Luis Garcia","WSN",66,0.03030303,0.18181818,0.16666667,0.296875,0.31818182,0.453125,0.77130682,0.15625,0.35294118,8.818864236521062,0.8265011859410365,0.3295619081367146,103.60366516855485,20391
2021,"Jazz Chisholm Jr.","MIA",150,0.04666667,0.33333333,0.14,0.23741007,0.28187919,0.38848921,0.6703684,0.15107914,0.3372093,14.98439744934863,-3.1800640292423346,0.288802826564584,82.86481817636201,20454
2021,"Nick Madrigal","CHW",63,0.06349206,0.06349206,1,0.37288136,0.41269841,0.57627119,0.9889696,0.20338983,0.37735849,13.165417701102703,5.536343880094496,0.42063964832396733,171.21563283460867,20521
2021,"Trevor Larnach","MIN",90,0.06666667,0.37777778,0.17647059,0.18292683,0.24444444,0.2804878,0.52493224,0.09756097,0.27659574,4.891737938657402,-6.006938948497178,0.23375745084550645,44.087067070483236,21501
2021,"Jonathan India","CIN",159,0.11320755,0.17610063,0.64285714,0.29710145,0.38993711,0.43478261,0.82471972,0.13768116,0.35514019,25.328394406493423,6.074065239186998,0.36059841060940223,120.40989150970736,21523
2021,"Alec Bohm","PHI",137,0.08759124,0.26277372,0.33333333,0.2892562,0.35766423,0.43801653,0.79568076,0.14876033,0.37349398,19.99931729509335,3.409109144646934,0.34450219103889745,113.65783431625943,21618
2021,"Akil Baddoo","DET",108,0.08333333,0.30555556,0.27272727,0.21428571,0.27777778,0.24489796,0.52267574,0.03061225,0.31818182,6.276593279192375,-6.80181898539312,0.23830671387690086,47.02898472749104,22168
2021,"Taylor Walls","TBR",70,0.12857143,0.25714286,0.5,0.2295082,0.32857143,0.27868852,0.60725995,0.04918032,0.3255814,6.499435335666031,-1.977313354343086,0.2802856726305825,80.91295674164972,22458
2021,"Jarred Kelenic","SEA",143,0.08391608,0.27972028,0.3,0.16793893,0.23776224,0.2519084,0.48967064,0.08396947,0.2247191,6.3496544318062105,-10.967132177783842,0.22173215584321457,40.6386333346158,22558
2021,"Alejandro Kirk","TOR",60,0.1,0.1,1,0.31372549,0.4,0.58823529,0.98823529,0.2745098,0.28571429,12.253631753384012,4.987847161947627,0.4149014155069987,162.877551854502,22581
2021,"Wander Franco","TBR",110,0.1,0.09090909,1.1,0.35714286,0.41818182,0.60204082,1.02022264,0.24489796,0.36470588,23.72681908392761,10.40621399962757,0.4287658859382976,181.21885959768866,23667
2021,"Ryan Jeffers","MIN",99,0.1010101,0.36363636,0.27777778,0.2247191,0.3030303,0.42696629,0.72999659,0.20224719,0.3125,12.067264001197572,0.0787194253275338,0.31538749463630444,99.23229524741865,24618
2021,"Owen Miller","CLE",85,0.04705882,0.29411765,0.16,0.19753086,0.23529412,0.2962963,0.53159042,0.09876544,0.25925926,4.5723814493987485,-5.720813388469465,0.23308070968179143,43.52987143016659,24655
2021,"Andrew Vaughn","CHW",141,0.14893617,0.22695035,0.65625,0.26890756,0.38297872,0.55462185,0.93760057,0.28571429,0.30379747,26.746014272844665,9.67142048296916,0.3973288557208176,155.46801201524045,26197
2021,"Yoshi Tsutsugo","3 Tms",70,0.04285714,0.3,0.14285714,0.25757576,0.28571429,0.42424242,0.70995671,0.16666666,0.34090909,7.683178770776199,-0.7935699192329184,0.3007244782788413,88.31418954865265,27459
2021,"Ha-Seong Kim","SDP",90,0.07777778,0.23333333,0.33333333,0.22222222,0.28888889,0.38271605,0.67160494,0.16049383,0.27118644,8.810620430001888,-2.0880564571526916,0.28638530983014054,80.81966191062143,27506